{"cameraMode":{"drawMode":0,"name":"Shaded","section":"Shading Mode"},"sceneLighting":true,"audioPlay":false,"sceneViewState":{"m_AlwaysRefresh":false,"showFog":true,"showSkybox":true,"showFlares":true,"showImageEffects":true,"showParticleSystems":true,"showVisualEffectGraphs":true,"m_FxEnabled":true},"in2DMode":false,"pivot":{"x":5.417303562164307,"y":0.8397727012634277,"z":1.2479805946350098},"rotation":{"x":-0.17126329243183137,"y":-0.5057857036590576,"z":0.10321173816919327,"w":-0.8391991853713989},"size":1.6176410913467408,"orthographic":false}