{"cameraMode":{"drawMode":0,"name":"Shaded","section":"Shading Mode"},"sceneLighting":true,"audioPlay":false,"sceneViewState":{"m_AlwaysRefresh":false,"showFog":true,"showSkybox":true,"showFlares":true,"showImageEffects":true,"showParticleSystems":true,"showVisualEffectGraphs":true,"m_FxEnabled":true},"in2DMode":false,"pivot":{"x":2.019005298614502,"y":0.6435644626617432,"z":2.056657314300537},"rotation":{"x":-0.28545501828193667,"y":0.045117225497961047,"z":-0.013453585095703602,"w":-0.9572407603263855},"size":1.5347670316696168,"orthographic":false}